,10 HK,101 HK,1038 HK,11 HK,12 HK,14 HK,142 HK,16 HK,17 HK,179 HK,19 HK,2 HK,20 HK,23 HK,267 HK,291 HK,293 HK,3 HK,315 HK,363 HK,4 HK,494 HK,5 HK,511 HK,6 HK,8 HK,83 HK,941 HK,97 HK,992 HK,66 HK,762 HK,883 HK,282 HK,2388 HK,330 HK,1199 HK,551 HK,144 HK,2038 HK,388 HK,939 HK,386 HK,3988 HK,1398 HK,2628 HK,2318 HK,3328 HK,1088 HK,688 HK,857 HK,2600 HK,700 HK,836 HK,1109 HK,1880 HK,1898 HK,1044 HK,1299 HK,151 HK,322 HK,1928 HK,135 HK,27 HK,2319 HK,823 HK,1 HK,1113 HK
10 HK,230.89444492548068,128.40109916715318,165.95786981733207,190.79797623938336,100.79854689712539,132.04388595437007,38.191815200087845,339.1701523740815,39.156031524879374,-103.49964845492018,328.25083492319817,172.01645223187649,145.20180726568347,94.15605872279467,-7.352291001183158,115.56668138765295,26.26458218107642,50.35041875908567,38.07359289664776,97.45348162297182,209.87443536276052,52.3097092628059,-93.76741591549876,91.43576096365999,168.2055329952265,-22.871557252686962,59.90919619881984,388.53385110985676,-3.644692537992215,23.30327777362219,109.10736507510653,37.69589196057635,77.71293019547372,-8.965374177939692,64.46815782287626,37.45010631863993,21.202404663122433,59.006415949528865,126.39788635127921,-22.859297283836163,879.9265960751928,9.430648241403315,29.42958455699865,1.625159448280379,3.825047010973892,93.24625737910114,114.20104723076926,9.072673106169878,82.27062336247329,108.5847644241102,46.93829181850507,17.892080197234872,180.03007050004072,61.68621077255493,98.74738217598717,24.24624853730948,12.52786770460823,422.6095590191314,-49.119843386217156,11.01184083994063,116.61723401306651,-16.642360216309918,67.43821854963717,143.32326217542322,41.880288664143045,35.349687569117584,183.56807455590433,42.618374405728105
101 HK,128.40109916715318,77.20719838943712,76.38864094324109,112.46781860259642,59.44726567644223,67.17969121951273,19.393332564410787,204.6199639834093,27.630015449645118,-62.58916570283775,180.1383324291736,90.31916389271274,75.15581458718461,58.3791385367271,8.599684910384102,69.29104460685329,17.632494592063107,25.44914183202841,14.968542944714814,61.955214610583674,109.88141832316225,32.216590987587885,-25.88729740559151,48.457801726913445,78.18000713048298,-12.873506076366564,36.91621712826253,227.11036283378377,-1.569409679062684,10.931070517612223,58.99698125548713,21.66446270558223,42.83317307243901,-4.047767068926133,33.91290422751776,65.27519414897706,15.960336711848342,33.00787016937778,78.1184976472694,-3.2770495095479895,501.5585914786763,5.866764113380134,16.401684540434406,1.486187093588397,2.8556209853516257,63.28132173460692,67.071697778239,7.828054531853826,56.09509398782163,57.71750103727785,27.62028392680201,16.537002367807517,38.7296363798505,34.91854165296828,54.1319235979363,12.972099555825846,17.652986352170455,210.76223248091154,-30.044606311219827,2.118316275025951,60.873393657725046,-32.100182274379925,34.57894875863921,57.7923576844034,21.475818048883536,-0.41212988115302857,98.91659499936145,24.536084992197644
1038 HK,165.95786981733207,76.38864094324109,266.4251332405096,230.47355449676584,112.36222004694376,146.79206085658907,37.566990118066066,254.3541647572956,14.787754061816882,-58.72219073761367,312.88131059464763,180.8090419323309,171.83726416275158,68.46404522183498,-47.83950334446344,66.18843276937154,16.25926036846015,60.811509597347275,56.344885989109905,49.029460814505626,218.67745207839994,20.250388103802102,-172.41736836611392,67.30187481271366,243.6027921469757,-16.076876610432326,43.094192333630296,354.4179370357713,-4.24285720693918,34.13384353301239,124.65534482198971,25.7713709753348,57.56222180521738,-10.869712875115766,74.82072203415855,-124.30181405363477,5.993106108080653,61.43496088799439,92.68355689268138,-49.74654693017406,906.3510032885623,5.640639642210983,25.93789518186827,1.1754939134942013,0.32092834797199365,48.541031690604896,114.09602087645756,-1.5961181758277112,-16.191870360352603,127.0526011976789,30.472467978721962,-8.40087956531364,648.3100549518945,57.55602781521164,107.03131060350448,0.34519212023117507,-42.67239667168806,477.99122987463954,78.3646114456665,20.28444736979114,97.35619808076535,89.52045053997968,58.04933893968409,230.30166887107032,51.26672053623052,157.70530944249103,266.6433149562102,-30.848626079573943
11 HK,190.79797623938336,112.46781860259642,230.47355449676584,399.77271992420185,162.15151502682548,145.73903900201503,34.45237117055693,421.1273284728879,50.67499793821205,-76.52502478198367,367.1244733581872,188.89527665573172,175.18297529108617,123.61066638414142,34.467537143076036,97.98837931345334,38.91105356492193,59.49007458915948,34.14251105595033,89.87776495831105,225.0009864257809,34.22747000582414,16.467252347390072,85.88151342114156,206.82236658844357,-15.854085676826559,72.78558320043423,502.1380288447174,-2.2095396152637,34.56530186030125,136.21436784867117,41.199173796472174,66.12825724001122,-4.7345727197432845,85.91966284932424,117.14240761336208,35.47483969052163,73.95293704742795,159.25365879063534,-13.071152158272028,1143.5652665411133,11.932525926437274,32.46595446636394,5.294784377694275,5.9297560874193005,99.44047225353121,145.5345966609961,14.695869985601545,38.77668401610014,128.91440078283455,46.14233311128216,28.48698608248962,460.5478517120531,70.93079494873342,112.47446607601931,-4.719226024122009,15.016880653743552,399.9629109008619,100.71678123422807,5.500562989254467,84.85158681525432,71.36799421109842,46.133472661729115,184.23109697013578,54.29627454205224,94.86515001692258,322.7508353547015,70.29083880766866
12 HK,100.79854689712539,59.44726567644223,112.36222004694376,162.15151502682548,86.8745587622069,75.59173948749891,18.479165577793456,217.09215658262636,26.909797682505623,-32.060514754196376,194.22395428374253,88.98366932177095,89.7591469598227,62.158279120497674,12.984489228930553,53.415862287618644,19.723424095837487,30.23515255716955,19.567651414484207,50.36974871059903,118.2248930821715,19.921497454777665,-12.00833351618327,48.82093881332081,103.16703793162445,-6.115014007868351,37.23906269782713,240.41165111607347,-0.9575394223030561,18.206437846509875,69.76818188001843,20.065233166763313,33.52354504895003,-3.369946699892106,47.50376143158531,37.525048666371625,16.53035857444488,36.534783195901774,77.02069139834903,-0.561677833501341,577.3410405567237,5.640531114250958,16.048205484890605,3.156265839943247,3.1374515621183017,55.95437199769688,78.50909924022105,6.94187925995834,23.39570519824338,66.76693025765223,23.199143545107624,13.666636606510897,248.46537284952515,36.88592194920693,59.7059721346849,3.2710262267314456,5.0774788279989,220.37194478686067,46.17684809389285,7.614757307882904,48.39621250758913,13.455301207001073,27.46361872316445,92.11403814779203,30.320808075726443,51.71210202094323,161.01589763681366,31.201982447565697
14 HK,132.04388595437007,67.17969121951273,146.79206085658907,145.73903900201503,75.59173948749891,103.98219721809299,26.507810647993768,206.3550343247326,18.786179917096653,-41.130076947469185,233.5369518460595,118.36759137954166,112.12287901009894,58.519274686510364,-17.519479493511987,61.53021063617926,17.25537506657244,38.658594129878445,34.17476336421087,44.89138048694859,157.62365463038108,24.029967618730375,-63.889757396460425,67.14582704286855,140.95100200940198,-11.38711050764916,34.753697703485756,229.01272706091447,-2.09433779688878,20.4022525774765,78.84592545563274,20.250924119985157,46.434419626540496,-5.589378392206356,53.66916181524693,-37.78054558762975,12.655951373787772,43.81942264535003,73.21266184198115,-21.53602514950361,575.8726094484571,4.687688294354961,18.509284808907722,1.6168420911831847,2.1070429208563204,32.555206206912146,67.42259404942475,0.760376501367182,14.022008608102409,76.98016491477009,26.308882368303937,1.3264463330285743,287.1525344988047,33.27787538743557,66.80376643656615,14.591200514318388,-13.700209835606024,305.16506786784174,6.743993679713591,17.01881332168625,72.09973576754899,42.31050390082226,44.75600660452956,141.45552275445456,29.88660416849619,76.02603693431392,156.61432602917114,8.370013947330825
142 HK,38.191815200087845,19.393332564410787,37.566990118066066,34.45237117055693,18.479165577793456,26.507810647993768,7.6905698279848345,54.32916526481661,5.144823199230251,-13.058835319726075,60.27762967576086,31.823053280286093,29.665241192971784,15.46619214996523,-5.5184983560976955,17.666958124987463,3.8955048701340487,10.370883781871251,9.126177176425408,13.255364285564161,42.37463699601087,7.024200366577189,-21.446281572300283,18.828986599596476,37.5505160701201,-3.204754871998357,9.342688194590608,65.24941959914383,-0.7148013117553109,5.583709165841182,20.488159342677058,6.170472484383102,13.10913105684798,-1.8044067255795486,13.542151762415719,-11.121537004578478,2.48358789771305,10.425279575796743,19.461102726072088,-6.2054486108522235,150.86581481892298,1.4181622528223772,5.226584608291174,0.21491207179564203,0.41319038886769277,11.316197666417414,18.925024182986444,0.5158915992613704,8.394138475035708,20.962681943696737,7.414300958270204,0.504181384697878,68.13125531943544,11.595826234287852,18.554300208694443,4.208192123349204,-2.7663617580423057,84.55112891536979,-1.8713507861772325,5.028905435869823,21.06731508672724,14.700892069591443,12.832285800154803,38.901637961686994,9.15918853526041,18.733538614829644,37.01128217881762,3.310113088593842
16 HK,339.1701523740815,204.6199639834093,254.3541647572956,421.1273284728879,217.09215658262636,206.3550343247326,54.32916526481661,668.62120010025,86.09916438539746,-136.35885731158427,554.412845662479,261.05095829429564,232.50207202584903,181.86326604781723,49.21426728350596,184.1522682153987,57.88064405001662,78.65842633055215,47.0869528718028,169.02315139463246,329.89102984721643,80.95280736694579,-21.717466376819463,148.24660023335193,247.92609010968414,-25.632211576108315,113.17165892769637,699.2800841507935,-3.421184303915506,41.59003753987709,186.46719957220483,66.97144036495234,114.6923205415997,-9.062636325927253,120.47262245152422,187.92993388097776,51.60528583716863,99.8276187796792,233.55620087640395,-4.304535383849825,1581.269110921863,18.20420905235704,47.868743938987684,7.265017965466591,10.687442701636051,174.2897028128466,206.24747734433953,24.01949365924017,136.70265321258879,172.03170465773124,77.4358280930558,50.637370397791614,317.87743200246655,99.97738333803916,158.82783171797712,30.33368233522085,50.73653405161687,595.0279984339331,0.2508435285105361,10.383714594251991,157.36985543151434,-44.90564554760207,87.61869737599234,195.70149678154132,68.72359429656957,54.23424059856107,376.7243192126248,111.8640085219487
17 HK,39.156031524879374,27.630015449645118,14.787754061816882,50.67499793821205,26.909797682505623,18.786179917096653,5.144823199230251,86.09916438539746,17.07419705937345,-22.340731833253574,62.90982803536051,25.957415596941892,20.89760691011306,29.451912845535816,19.74554626767809,26.307626376857826,8.72640406242184,6.823162477273777,-0.17849501393641165,23.693211933857715,30.036447427403047,11.299735317530144,35.39658111357958,21.869784059485802,13.950957827388567,-3.0034832045489135,18.05764490478819,94.42004093807489,0.41818136417546636,2.755795894429917,18.79018695027495,8.569954852761652,12.520647860457792,0.29107048867064955,11.383234131899188,75.10456107835631,12.317369837700868,11.732773152536302,36.639193425254504,14.090323994056526,174.08668997266298,1.2505727063809198,6.060918848348033,0.8926227636201518,1.0472008337368328,24.892726321914644,16.545024620245425,4.079901868735493,19.64768987245141,16.847763537405836,11.715894102375447,12.691916277781257,-42.93731109034351,11.608958743898954,17.046952427017228,2.219373753871302,14.295825904424877,41.46834742011514,-4.189929050017638,-0.6862317984986226,13.843257215351494,-8.638390570538446,7.527978077939524,7.890981263535939,4.9339653972815585,-16.51726656334742,37.83243393990293,9.432622234840803
179 HK,-103.49964845492018,-62.58916570283775,-58.72219073761367,-76.52502478198367,-32.060514754196376,-41.130076947469185,-13.058835319726075,-136.35885731158427,-22.340731833253574,104.94453742280277,-120.36698790208852,-83.44137475237022,-48.45018867276205,-41.5846851775684,-1.8501265649901353,-52.83009235973941,-6.80072383294191,-18.414311366884895,-3.9242697310108716,-48.7803615003485,-60.003007028800546,-25.10557856634462,29.01698468592113,-18.124290289443984,-57.10695836500382,18.80194160557211,-32.245673241558144,-202.11355925877126,1.2977571613411936,-1.229277604147565,-45.09461518732119,-14.435778184299592,-32.93022661954642,2.959860809404413,-8.048224743506927,-113.13778412624964,-14.596568844179448,-25.436478154312226,-67.8967283325758,0.9944866973461688,-380.38856310052046,-0.6432310844190849,-13.633863747430349,1.5472953431213992,0.7863997510970709,-44.659371148490344,-19.661873313679894,-3.9314313007605803,-29.14854710844101,-46.16267956909627,-25.324876775238586,-15.604227041242869,109.9205899207577,-20.37111708990991,-43.22528562860009,4.397059404004865,-13.521779289219227,-142.5684184172888,30.93825148985048,13.464055577939531,-45.465585779515344,54.029173907934464,-22.80891457676373,-11.556431580145514,0.4278515972121744,45.6046804899437,-52.01320247503203,9.74184575298704
19 HK,328.25083492319817,180.1383324291736,312.88131059464763,367.1244733581872,194.22395428374253,233.5369518460595,60.27762967576086,554.412845662479,62.90982803536051,-120.36698790208852,573.4234828727407,277.87916128125664,253.93793017594467,163.46107699644872,-4.351007809919811,165.2685785256703,51.408139486693045,87.45419574961183,66.57235148682793,131.7365831210054,357.8147686561539,68.99025552552789,-77.95473715627955,162.45752086597713,300.1234716380934,-29.93240980524497,98.07029357440587,601.1344563268104,-3.4664398395091442,44.751342151365236,186.97293338623177,52.673141118692676,112.29079680713069,-10.868229362255843,124.43931904579972,49.212046914112605,45.49735659319401,110.10438763885642,205.44887413906832,-20.84686479333407,1452.4681592580778,12.253951590168327,46.3326719442157,5.464383582802517,6.579068980674099,111.70332072053262,164.78087063633083,9.215124107620813,61.071749210979846,178.7303949393729,71.19694280895973,22.44359000992574,505.73185636309785,82.6562613194848,158.7872482684913,33.02059495171317,-2.9663440941237353,680.4339875369959,9.856695906628957,30.3274911062411,167.53738683651758,37.761297620504585,99.79547548751567,283.95333282498933,68.14602079824331,122.26288625023406,369.2772975770063,67.53224262710641
2 HK,172.01645223187649,90.31916389271274,180.8090419323309,188.89527665573172,88.98366932177095,118.36759137954166,31.823053280286093,261.05095829429564,25.957415596941892,-83.44137475237022,277.87916128125664,162.85273400627403,130.42570240912795,76.29181844636756,-16.03476325944495,81.86232134669235,20.25303067253777,46.60960779283875,37.407060989292034,60.248420165962564,174.74025518025013,33.203126071891745,-84.2961014771775,71.54677130912646,171.62820244192363,-18.859629507445465,47.9771053109175,329.78174268343827,-2.9192116682352736,21.50650900238127,99.19324413020158,28.7939567846546,58.62848246706076,-7.05078915852348,55.818878505554586,7.999507310890865,17.04934997946313,55.45144151116399,101.00370503793131,-23.91962546665041,747.8221382452293,4.975351648589117,24.37674868160033,0.4112763494221453,0.7386999992646022,51.283239241455604,77.02574418290685,2.9948923269747807,24.576469233461054,96.94093423176909,35.990516293327815,7.1297366508773194,261.82239985606435,42.52341035708634,83.90078149848209,9.348473699821469,-9.989016630098591,363.66680945304944,0.2744447247904955,7.721270997001613,89.05949401804239,13.009069348115265,51.14253620319833,141.46600764292359,30.900380983718648,61.41440321881544,184.70138731675272,-0.7520639627439174
20 HK,145.20180726568347,75.15581458718461,171.83726416275158,175.18297529108617,89.7591469598227,112.12287901009894,29.665241192971784,232.50207202584903,20.89760691011306,-48.45018867276205,253.93793017594467,130.42570240912795,133.74863983433914,62.41104136908033,-24.59964697097514,64.92830093119784,17.067251068141307,44.8826433946262,37.13029036687717,54.98072289006695,181.71393910119508,23.70793452586008,-93.9577863845372,65.93912943812091,166.6243648908638,-12.795287109099277,37.936623165570886,277.0750231898594,-2.998356596050077,24.93393659511774,91.75062449383282,22.480408585031743,50.34133053802681,-7.487057679685104,60.0529785672498,-54.59208987009871,9.667283383967538,45.58946787877432,80.84998291156867,-30.30865282061674,689.3887789931954,6.772502853831306,20.86557965134726,2.2036133693173126,2.72147215742917,53.10316664591066,92.76527307781753,3.0029996582496628,19.11290977273998,94.42885418276514,27.786874840670208,1.1458808154387323,383.46028378411876,49.503170483579545,83.23185763821935,10.132740297138938,-16.746798045727658,355.43070030256365,34.69844396039387,18.386764754576838,80.61019006451389,61.34913886857112,48.96840682223171,165.95441536820874,40.396189205949895,97.49516577703112,184.06109341317523,29.301389045914156
23 HK,94.15605872279467,58.3791385367271,68.46404522183498,123.61066638414142,62.158279120497674,58.519274686510364,15.46619214996523,181.86326604781723,29.451912845535816,-41.5846851775684,163.46107699644872,76.29181844636756,62.41104136908033,68.86238160928465,27.80615447672778,57.87992446752218,21.671732687290092,21.535563321459005,10.327677525497258,44.16117883078497,87.50139967289998,23.31424652743106,52.48867192510492,55.316085099097975,62.98229346169326,-8.79784826291979,37.64912822444888,205.27667115371298,0.4880554373367548,10.700502282438014,49.36754355564074,19.141026269140028,30.881818144881365,-0.4714766739357856,33.428829398862895,109.03703432803384,25.104357130077585,34.80776835474235,79.36702315676328,23.06956027397635,428.69617308155404,3.1409922813093596,15.033849920954397,2.080431464556182,1.790035695514762,42.8739227697878,45.10615049198666,6.956256406279276,30.913026848256006,46.411956142539715,25.50545644196318,19.10014795613402,43.69241541622818,24.925463808598955,42.447053131645696,7.455512438705406,15.459656644622754,150.87468685660735,2.5979352444193484,5.649352933566675,40.51168250139577,11.3147371344066,22.965893057128067,62.1885884750824,20.88084117735725,1.6288556478989378,104.59758521463002,25.91600900347066
267 HK,-7.352291001183158,8.599684910384102,-47.83950334446344,34.467537143076036,12.984489228930553,-17.519479493511987,-5.5184983560976955,49.21426728350596,19.74554626767809,-1.8501265649901353,-4.351007809919811,-16.03476325944495,-24.59964697097514,27.80615447672778,60.13132348368268,13.583532128197875,11.73228673719594,-8.82638161521788,-15.774690322880037,12.015994678294119,-31.704340538297306,5.888402554108382,133.71057757262886,10.731087417033285,-51.15356296827063,3.073961529345263,13.854138976247386,38.61735687112085,2.629372240440702,-4.625341220396703,-10.678675326777004,6.579546876525132,-3.769847117012559,5.048863659916397,-4.273894453070638,164.8694371004231,21.664643543976926,2.072648849774574,30.647308958916724,42.6365680805135,12.037300668823626,0.3836832117146704,1.1024411927664093,1.5648468737244694,1.3654067766841653,14.744561348292331,-5.230789405304386,6.999763182868636,26.899353023095646,-16.117140309021906,7.035423497873154,24.630526688013404,-203.55248892075454,-3.6712798669373714,-12.23802615440951,-0.45793320854559805,36.083162279390784,-105.79750559320439,-8.22050445691442,-7.7280526279129464,-19.8193229335498,-28.706578580468207,-13.900138760673714,-56.307296266691566,-5.507183824998728,-58.81982838828313,-1.236905049731506,8.950905835316256
291 HK,115.56668138765295,69.29104460685329,66.18843276937154,97.98837931345334,53.415862287618644,61.53021063617926,17.666958124987463,184.1522682153987,26.307626376857826,-52.83009235973941,165.2685785256703,81.86232134669235,64.92830093119784,57.87992446752218,13.583532128197875,69.1212940099934,18.398673436359775,22.33076358833216,14.320341952875383,53.441941909906994,97.28273335818955,29.75385562755438,-4.154852762577826,51.39725384133317,66.10664416132221,-10.82064022095223,34.547057382140466,201.46965817829957,-0.8912598818670204,9.459404153607233,51.58312764460938,21.008178123450904,38.69251455395199,-3.0351398969203944,32.219363771427375,70.95216449270893,17.65502615388038,30.644963510986226,73.87901274174136,5.6847431788955625,441.3008898508981,4.534826246527591,15.034219764422014,1.334129736707554,2.2929409570509653,52.6711729361344,55.485989931444806,6.484395640747403,49.741180486134624,49.36891103743664,25.959217212733403,16.37296370605467,13.725756881542978,28.491346406998275,46.19651503924813,15.063773941156098,17.207760608478257,185.14032438869185,-34.2871577087629,3.9001225503154076,54.85441153646861,-30.324672929834335,31.469481735072737,53.16612659959362,20.036548019169476,-6.13496802958635,90.73197325476566,31.122676077093754
293 HK,26.26458218107642,17.632494592063107,16.25926036846015,38.91105356492193,19.723424095837487,17.25537506657244,3.8955048701340487,57.88064405001662,8.72640406242184,-6.80072383294191,51.408139486693045,20.25303067253777,17.067251068141307,21.671732687290092,11.73228673719594,18.398673436359775,10.358408624685469,5.517741308634467,2.678197743023204,13.815457497622175,25.758229444764734,7.836906109764339,25.78303550639025,17.102538789394828,14.27125740499464,-2.4365386588908438,10.793466585780669,50.53077836442325,0.48242881063018805,2.870134518448906,12.953763577269513,4.874100941034882,8.59775434978058,0.303302779072467,11.300225917202559,37.015176195287424,9.577367324406348,12.784074554730362,24.50656411797458,8.931830234544012,130.31357297687558,1.6939518023167524,4.0790014951608145,1.3483263992802506,1.1613031485778693,12.408426397030192,17.081660890813925,2.841743531451727,10.307129459023939,11.204908488580125,7.134994059360777,6.26568216549236,12.722688422747996,4.337482687417417,10.1676584857741,4.879711412773739,6.431521460474834,39.58163992871066,0.2267630253882026,2.225536939033575,10.34654910946164,-8.030905455508481,5.699845928540088,14.012802956146002,6.462704404643138,1.2406824015642357,32.284617896467296,19.099026172661127
3 HK,50.35041875908567,25.44914183202841,60.811509597347275,59.49007458915948,30.23515255716955,38.658594129878445,10.370883781871251,78.65842633055215,6.823162477273777,-18.414311366884895,87.45419574961183,46.60960779283875,44.8826433946262,21.535563321459005,-8.82638161521788,22.33076358833216,5.517741308634467,15.892759766243437,13.009080758436525,18.083027652065486,60.87194418787745,8.140615548473086,-32.235931035260066,22.523468377484072,58.398040013633924,-4.955836255838041,13.489230447251904,96.35127988222487,-0.9956627319871258,8.521446149893016,31.953158874832965,7.5906896983532475,17.328506937209255,-2.450067577029036,19.797853578265794,-17.186409016122465,3.539492345864966,16.60452700727539,28.08333435464674,-10.219244883433548,235.15258571907165,1.9237591535681844,7.341973385868506,0.5354294255275955,0.7056155387782983,15.71069698544314,28.189563073618988,0.6067360258775009,5.0302806951591235,32.30089821550889,9.879049128190765,0.06315952708101534,127.8184505832487,15.855945506316875,28.172741775595174,3.2289680556142315,-6.019573926448828,123.33164755570823,11.733532224262888,6.183450094745259,28.054898950058146,20.03426699351046,16.90428787163471,57.18846886129099,12.882051635923732,32.73291105795315,62.54115046437683,5.934333254505163
315 HK,38.07359289664776,14.968542944714814,56.344885989109905,34.14251105595033,19.567651414484207,34.17476336421087,9.126177176425408,47.0869528718028,-0.17849501393641165,-3.9242697310108716,66.57235148682793,37.407060989292034,37.13029036687717,10.327677525497258,-15.774690322880037,14.320341952875383,2.678197743023204,13.009080758436525,18.56563808292849,5.828247695039339,50.906714708110734,4.383950858779884,-52.32801570965274,21.06802313224254,54.02362408556961,-2.095575595624959,6.110251120844146,58.530737352253105,-1.1435217319117232,7.69832259681115,23.997852867139713,6.379921105260171,13.786154471766748,-2.9224222472453705,18.874377255507216,-61.74566758156075,-1.391073322220827,11.309532311095102,13.084725529326937,-15.261887430714314,168.13761912907063,1.9144592541704932,4.93407045589404,0.19863511279919305,0.348231721573178,5.536921153529213,28.29305064591021,-1.0236092501945293,4.082075011577177,24.579005896510964,5.518283189957275,-5.247087841953984,148.05600330598816,11.573975306576378,20.410185341140817,8.476263133687409,-10.68854323137639,109.72656065797756,-1.148991756294921,8.633732547580411,23.98243113165508,12.368300311148529,15.490009977673337,50.52463085549185,12.12507216059773,44.6629302523289,50.596369503239046,6.946861297681203
363 HK,97.45348162297182,61.955214610583674,49.029460814505626,89.87776495831105,50.36974871059903,44.89138048694859,13.255364285564161,169.02315139463246,23.693211933857715,-48.7803615003485,131.7365831210054,60.248420165962564,54.98072289006695,44.16117883078497,12.015994678294119,53.441941909906994,13.815457497622175,18.083027652065486,5.828247695039339,61.29796065841762,80.3670102570558,26.10497231677375,-21.61983271621322,28.36779136819465,50.533006729665594,-10.012012360267907,28.776406479604194,179.30895805614742,-1.3487596583368753,8.494009978898779,45.648739719731985,16.404563568597997,31.87893958665123,-3.2838978533563834,24.161481384437185,65.1603132580992,11.851613220871569,23.815962511038723,61.85280116092114,-3.6717944214856875,415.76545561550415,5.982012847179763,12.365595189010516,2.0127388719878194,3.4545581478803897,63.2973514527381,63.99121720731417,8.729553007167052,54.38879853160365,45.984141382412226,20.826470707546285,17.140625363370248,36.19135639547698,30.03544123889811,44.402742099113404,5.824328889299626,20.248760539981376,156.68379683473376,-10.022352432540337,-1.7095338483224956,45.832033052009905,-32.88772046136987,24.734339027092815,36.83330269849311,19.64249305956807,-8.197792126498415,76.909498556179,22.949619065278664
4 HK,209.87443536276052,109.88141832316225,218.67745207839994,225.0009864257809,118.2248930821715,157.62365463038108,42.37463699601087,329.89102984721643,30.036447427403047,-60.003007028800546,357.8147686561539,174.74025518025013,181.71393910119508,87.50139967289998,-31.704340538297306,97.28273335818955,25.758229444764734,60.87194418787745,50.906714708110734,80.3670102570558,263.66126037172177,37.99978215677161,-111.8897394126387,102.6721105286309,218.41370188138583,-17.6239765799173,51.67768908774487,353.4586391205457,-4.010061723109833,33.35751203172839,121.08130260430197,31.567717713775256,74.20853155522644,-9.817594351431781,84.21430825437228,-76.31871243672337,15.24297660380748,61.976794914117036,109.98720162895098,-41.8419763418184,893.9419483074062,10.398522495562048,28.635186042861505,3.309741032777325,5.161160115112064,64.65389357195012,118.95426021410815,4.129377540985398,45.02446694136543,122.62785359519572,39.62303004174599,1.8208941248507,456.9789419743222,63.39477022814571,109.50272881916568,25.659824896975163,-15.936876512641645,488.64815037027086,12.593132536559443,31.408464220454302,117.14188961406006,86.24294691075296,72.88245574473336,232.6276547372186,54.321747391487634,127.16982859740351,230.55415580641312,37.64235957041791
494 HK,52.3097092628059,32.216590987587885,20.250388103802102,34.22747000582414,19.921497454777665,24.029967618730375,7.024200366577189,80.95280736694579,11.299735317530144,-25.10557856634462,68.99025552552789,33.203126071891745,23.70793452586008,23.31424652743106,5.888402554108382,29.75385562755438,7.836906109764339,8.140615548473086,4.383950858779884,26.10497231677375,37.99978215677161,15.998922681618,-5.743427529930441,18.63636084297713,21.739855267495237,-5.289855547169347,14.60239621908046,81.46677690272034,-0.5259489749619507,2.9224366529856933,20.659993840444205,8.650668637105076,17.636335900890284,-1.37496721349803,11.738787797941264,35.28609657446264,7.051283239202874,13.058307776175509,30.864372826636743,1.068181662461042,178.9870859732067,2.3040651819459463,6.115498190625398,0.5871190626954318,1.262626734815098,25.80282903617844,23.727780277043678,3.349462465134194,26.397190025642047,18.508246414962187,11.274612498282872,7.623993330491073,-21.467229698173576,10.578028819740215,17.837763113293146,6.979437365669697,10.102524380894703,73.97426509015445,-25.571639828912215,-0.7692890138837376,24.29140895692536,-30.350232130338707,13.587311468635887,11.812678272086268,6.525976042553022,-11.38167821935126,29.64692507265112,5.022175843634328
5 HK,-93.76741591549876,-25.88729740559151,-172.41736836611392,16.467252347390072,-12.00833351618327,-63.889757396460425,-21.446281572300283,-21.717466376819463,35.39658111357958,29.01698468592113,-77.95473715627955,-84.2961014771775,-93.9577863845372,52.48867192510492,133.71057757262886,-4.154852762577826,25.78303550639025,-32.235931035260066,-52.32801570965274,-21.61983271621322,-111.8897394126387,-5.743427529930441,512.4089999319784,48.38040097234028,-175.3244223112415,6.129372509599307,15.873489360403404,-113.76685223317288,10.475958639697803,-20.886538154417885,-72.07713377476163,-9.036039568476694,-33.48540262053038,21.6769718977903,-28.849570148628107,430.60739176520747,64.97351757394088,7.005152652244894,34.31374782695397,130.4112990788061,-483.21340542173937,-8.334910429006419,-5.691102049707249,2.8398957156228053,1.1371960502028133,-76.81533405183644,-153.27029476012035,4.546430814920264,-15.267485899133149,-85.23257277198591,7.43223012741459,44.11651973258273,-721.232231789487,-65.45995245452669,-71.81558375757531,1.058859346333962,61.21937203503159,-400.340679485736,-11.300094174472038,-3.4978527195873155,-85.06495352826484,30.79979163795429,-47.306109471341,-128.14109794931318,-48.05826687070145,-155.40567512698684,-109.92957263778922,55.9042670264148
511 HK,91.43576096365999,48.457801726913445,67.30187481271366,85.88151342114156,48.82093881332081,67.14582704286855,18.828986599596476,148.24660023335193,21.869784059485802,-18.124290289443984,162.45752086597713,71.54677130912646,65.93912943812091,55.316085099097975,10.731087417033285,51.39725384133317,17.102538789394828,22.523468377484072,21.06802313224254,28.36779136819465,102.6721105286309,18.63636084297713,48.38040097234028,88.51290802957742,70.45330430262537,-4.5764134043337705,28.86358622079239,147.5120559634792,0.3532141077017189,12.450811806251187,40.32345650357637,17.26760898929834,31.3491837393279,-0.3966415057838197,38.75527663316546,37.684278608279534,20.763179555914448,29.767490379585762,58.497315498549206,11.028276509517005,282.54822092453486,2.049819821901306,13.182145834563741,1.20773210925438,1.3937733679844029,7.8633928743819395,19.47085587405812,0.6066073111296738,21.97196360374719,38.58629512104943,22.95742907164127,8.497055065975152,31.155777179135917,17.26331846931777,34.92250317343386,22.129076864355046,2.7652438323337294,158.6501029688905,-23.41120717588485,20.244291136068362,44.383328448676615,49.52251042686293,29.94425313549629,87.83288259438245,17.516639649744924,29.14258775971738,77.09805781280437,40.68580451791572
6 HK,168.2055329952265,78.18000713048298,243.6027921469757,206.82236658844357,103.16703793162445,140.95100200940198,37.5505160701201,247.92609010968414,13.950957827388567,-57.10695836500382,300.1234716380934,171.62820244192363,166.6243648908638,62.98229346169326,-51.15356296827063,66.10664416132221,14.27125740499464,58.398040013633924,54.02362408556961,50.533006729665594,218.41370188138583,21.739855267495237,-175.3244223112415,70.45330430262537,233.39724624868157,-15.222278916254494,39.932890282486824,333.66208369838097,-4.619528438382448,33.0484373075692,116.80243193160851,25.952411413170363,58.41987976613773,-11.038248649697321,71.93889112839574,-134.87230393650853,2.2908749221033533,54.821526588796075,84.77146949473394,-52.633511855267315,840.6474380542973,6.421310296035095,24.933478172433055,1.0991453760351535,0.9688263992393628,51.196495794914476,110.9126354620485,-0.8838375665395651,-1.2824729957558343,120.51141381983761,29.714245021599247,-9.501862939647445,592.116977395207,60.656839000703094,102.55983802472623,6.27919743466315,-38.93283563838094,465.31058384863184,59.84618677013143,22.96795668317378,100.0553411627242,92.88380158617326,59.96092806505785,225.33965768278821,51.32945597884555,150.6374507621046,236.3063478228318,-1.2522164134104337
8 HK,-22.871557252686962,-12.873506076366564,-16.076876610432326,-15.854085676826559,-6.115014007868351,-11.38711050764916,-3.204754871998357,-25.632211576108315,-3.0034832045489135,18.80194160557211,-29.93240980524497,-18.859629507445465,-12.795287109099277,-8.79784826291979,3.073961529345263,-10.82064022095223,-2.4365386588908438,-4.955836255838041,-2.095575595624959,-10.012012360267907,-17.6239765799173,-5.289855547169347,6.129372509599307,-4.5764134043337705,-15.222278916254494,6.518092252589739,-6.281671024591949,-31.027949539085526,0.17451910357333322,-0.4920847174290961,-9.689166829298589,-1.3518841122653436,-7.3291740752553824,0.34823986493661147,-1.3233696114018318,-16.42641606161904,-4.161674555026709,-9.975816795381691,-13.745143064378851,1.994595574539521,-78.01356757993928,-0.2967979883129589,-3.043394820134219,0.08491118595199866,-0.12095736187679619,-4.361086510818025,-2.753687585242997,-0.34599063298847993,-4.866515917679882,-10.12742307469301,-5.325261020994718,-1.4154098819107008,8.306766338876768,-1.5791257793310614,-9.096782533168174,-0.9606178885602723,-0.9052834128384436,-38.60698776331784,6.424621328535909,0.653436177764418,-11.315170877024913,7.780623303355291,-6.352571130483115,-9.527115969287383,-0.29246284352594765,3.292155734128558,-8.977649571988735,-0.6370850515497029
83 HK,59.90919619881984,36.91621712826253,43.094192333630296,72.78558320043423,37.23906269782713,34.753697703485756,9.342688194590608,113.17165892769637,18.05764490478819,-32.245673241558144,98.07029357440587,47.9771053109175,37.936623165570886,37.64912822444888,13.854138976247386,34.547057382140466,10.793466585780669,13.489230447251904,6.110251120844146,28.776406479604194,51.67768908774487,14.60239621908046,15.873489360403404,28.86358622079239,39.932890282486824,-6.281671024591949,23.599664387145783,132.53203661246468,-0.0089788307111361,5.956564777604323,32.03448740983599,11.202415564991274,19.561847787537147,-0.7298752359607157,17.84752167306578,65.6370983437532,13.693151901889665,20.554896204819393,47.67163532576356,9.419306297539979,271.3646959339739,1.6272296369311383,9.1675863972374,0.8269889494211071,0.9027272711045268,29.063388120084046,26.191655549353698,3.7640868641130445,18.872470707195912,29.869038116827184,15.80682201704317,11.426387702161021,14.692488073081897,16.280600064668374,27.560742210534283,3.1218189153647384,10.230112674573286,94.25541308101374,-0.756196532188619,0.9954343147028791,25.8050583761084,-5.191836614443293,14.334822983420596,30.627312741215416,9.477400927536674,-2.8646302583385803,62.737415457486634,6.161254946570222
941 HK,388.53385110985676,227.11036283378377,354.4179370357713,502.1380288447174,240.41165111607347,229.01272706091447,65.24941959914383,699.2800841507935,94.42004093807489,-202.11355925877126,601.1344563268104,329.78174268343827,277.0750231898594,205.27667115371298,38.61735687112085,201.46965817829957,50.53077836442325,96.35127988222487,58.530737352253105,179.30895805614742,353.4586391205457,81.46677690272034,-113.76685223317288,147.5120559634792,333.66208369838097,-31.027949539085526,132.53203661246468,954.9039176646494,-5.766012416512155,52.76601896746184,228.96776598039136,82.71331790382418,128.58482795324593,-14.809655423964873,125.1800910157453,216.01222536338778,47.15256320340108,105.09058319753562,278.63902639677275,-4.743286798837104,1946.1136809369748,15.300726000131245,58.97321094235536,3.139001302100057,4.22234302384577,236.9249944832807,261.30048697747424,24.647618163065758,120.4889645577526,228.27557022057954,90.98147461975444,56.928978814597,517.0377866425083,153.25713148691833,205.98978020673368,-1.58748203658544,37.69228938791072,734.0647334800638,59.96102197674702,0.7407219488441434,182.0371200084754,25.930350958497836,96.47596730143589,259.83084771767875,94.00379562172006,66.97013618751406,464.3445934070259,49.12942008376989
97 HK,-3.644692537992215,-1.569409679062684,-4.24285720693918,-2.2095396152637,-0.9575394223030561,-2.09433779688878,-0.7148013117553109,-3.421184303915506,0.41818136417546636,1.2977571613411936,-3.4664398395091442,-2.9192116682352736,-2.998356596050077,0.4880554373367548,2.629372240440702,-0.8912598818670204,0.48242881063018805,-0.9956627319871258,-1.1435217319117232,-1.3487596583368753,-4.010061723109833,-0.5259489749619507,10.475958639697803,0.3532141077017189,-4.619528438382448,0.17451910357333322,-0.0089788307111361,-5.766012416512155,0.30817861788718526,-0.6426276583338917,-2.2546923572614173,-0.6583292453977795,-1.325122385882378,0.5153402365162394,-1.0859503047671126,8.535683003604381,1.4341359195842212,0.11072228683888703,-0.04754997892774628,3.338544785229286,-14.90872466907645,-0.3291236279501448,-0.30987248014482344,0.06410799519958577,-0.039981755849001564,-2.5576161339492614,-4.056267754851399,-0.07670147825076312,-1.6196149003847575,-2.4840356810983133,-0.12758616009802268,0.7377480485628961,-15.216992989072136,-2.0824648179687673,-2.1825361594251507,0.016090958137250148,0.9463659905162182,-10.747805239797728,0.11908425224269253,-0.01777952661681298,-2.5864313888477892,-0.30110195408004503,-1.4376379840183502,-3.7631336497775485,-1.379825319372374,-3.3122034255784905,-3.2259967430673298,0.2642203447179096
992 HK,23.30327777362219,10.931070517612223,34.13384353301239,34.56530186030125,18.206437846509875,20.4022525774765,5.583709165841182,41.59003753987709,2.755795894429917,-1.229277604147565,44.751342151365236,21.50650900238127,24.93393659511774,10.700502282438014,-4.625341220396703,9.459404153607233,2.870134518448906,8.521446149893016,7.69832259681115,8.494009978898779,33.35751203172839,2.9224366529856933,-20.886538154417885,12.450811806251187,33.0484373075692,-0.4920847174290961,5.956564777604323,52.76601896746184,-0.6426276583338917,6.670626057411271,17.079508807401275,4.657916659286023,8.100411786801624,-1.6265090431416678,12.967902702498849,-22.008402320427347,0.02598460804556173,6.81162111607204,12.81956566645619,-6.262425160060878,133.12285345969596,1.5592177837961267,3.755788096911584,0.6488402022140395,0.6536935480459005,11.94949448830062,22.79506550853437,0.6764127965660274,2.5265898531152455,17.866760023050027,4.178903705411098,-0.5581942712156059,110.09594125889042,12.172550442787891,15.322585081809413,1.118459712313093,-4.2977533426383525,68.8967216331274,16.089529072239877,5.167154287738788,14.20846440050229,24.03375773404695,8.471303182718493,39.26502775034842,11.474140881257938,26.76719657279021,39.27965164689404,9.482041669039928
66 HK,109.10736507510653,58.99698125548713,124.65534482198971,136.21436784867117,69.76818188001843,78.84592545563274,20.488159342677058,186.46719957220483,18.79018695027495,-45.09461518732119,186.97293338623177,99.19324413020158,91.75062449383282,49.36754355564074,-10.678675326777004,51.58312764460938,12.953763577269513,31.953158874832965,23.997852867139713,45.648739719731985,121.08130260430197,20.659993840444205,-72.07713377476163,40.32345650357637,116.80243193160851,-9.689166829298589,32.03448740983599,228.96776598039136,-2.2546923572614173,17.079508807401275,72.46359248631808,18.439477403735506,37.31524405400798,-5.467501814888623,42.27731916395495,-11.65907751673824,7.818345540308672,34.381122941162,66.74734249854664,-17.43809795096546,550.7813811537995,4.405700055614343,15.696702210658087,1.4336931430847248,1.7703111204573339,51.23534258969822,73.45632904308479,3.454252880643805,15.34659970256261,70.33193739322174,21.866288828832293,4.96911523509596,260.99307353938894,36.61000481110175,62.11655093072578,3.063340468601542,-6.374967279393419,254.32496448742842,26.09416007457107,5.916151475241422,58.06740286367914,10.557174193655268,33.59424061582823,100.80343784251245,27.6408714543746,52.9775586380366,144.92869585190485,-1.8529796588115575
762 HK,37.69589196057635,21.66446270558223,25.7713709753348,41.199173796472174,20.065233166763313,20.250924119985157,6.170472484383102,66.97144036495234,8.569954852761652,-14.435778184299592,52.673141118692676,28.7939567846546,22.480408585031743,19.141026269140028,6.579546876525132,21.008178123450904,4.874100941034882,7.5906896983532475,6.379921105260171,16.404563568597997,31.567717713775256,8.650668637105076,-9.036039568476694,17.26760898929834,25.952411413170363,-1.3518841122653436,11.202415564991274,82.71331790382418,-0.6583292453977795,4.657916659286023,18.439477403735506,10.72175619001775,12.785139910707741,-1.468156760097337,12.69942966115926,14.420777608360773,3.583172130568027,6.7612050255425995,24.173771323848,-0.8064619397103159,164.63592941961545,2.0581532073745046,5.259261160450822,0.2709908822146295,0.6783820588740781,21.496769100378298,26.44779206718211,2.853530674511073,20.70438388552811,17.726854544698266,8.338100611176799,6.0588348883786125,31.37944668158893,13.98325863761674,16.093749024751936,3.7297036218059967,6.2468421746067415,61.806572269657764,-7.44695179474931,0.6505631865054922,17.75039403498897,-0.16494899446796726,9.361638242218916,20.28675273664783,9.967919012659,3.7049964097268386,37.8327825153052,9.002896774949875
883 HK,77.71293019547372,42.83317307243901,57.56222180521738,66.12825724001122,33.52354504895003,46.434419626540496,13.10913105684798,114.6923205415997,12.520647860457792,-32.93022661954642,112.29079680713069,58.62848246706076,50.34133053802681,30.881818144881365,-3.769847117012559,38.69251455395199,8.59775434978058,17.328506937209255,13.786154471766748,31.87893958665123,74.20853155522644,17.636335900890284,-33.48540262053038,31.3491837393279,58.41987976613773,-7.3291740752553824,19.561847787537147,128.58482795324593,-1.325122385882378,8.100411786801624,37.31524405400798,12.785139910707741,27.405717801065432,-2.985220120023519,22.146034987968648,5.812887732112097,6.6920456244742015,19.763181916542475,41.66124356046295,-9.893725196982858,295.41105677452737,3.2902514401012155,9.864316760025016,0.5177269434861879,1.5216839694986521,29.07789178825696,38.151938167246,2.615256599614343,27.669487223387303,36.57654649626861,15.717561739015185,5.074646029900777,66.02506988528621,19.77266625168238,33.13070958602928,9.32397191056098,3.8666118456750858,144.9373023131401,-19.60265753193585,4.284998019622015,39.90404043687368,-3.287729843079932,23.605837903306682,51.53789687949622,13.704088515911128,14.322246207527227,62.59209876255153,8.107606895475234
282 HK,-8.965374177939692,-4.047767068926133,-10.869712875115766,-4.7345727197432845,-3.369946699892106,-5.589378392206356,-1.8044067255795486,-9.062636325927253,0.29107048867064955,2.959860809404413,-10.868229362255843,-7.05078915852348,-7.487057679685104,-0.4714766739357856,5.048863659916397,-3.0351398969203944,0.303302779072467,-2.450067577029036,-2.9224222472453705,-3.2838978533563834,-9.817594351431781,-1.37496721349803,21.6769718977903,-0.3966415057838197,-11.038248649697321,0.34823986493661147,-0.7298752359607157,-14.809655423964873,0.5153402365162394,-1.6265090431416678,-5.467501814888623,-1.468156760097337,-2.985220120023519,1.2464215976772384,-3.332407236612916,16.6404443746927,2.2261477980914934,-0.39897262354097135,-1.7001028515440635,5.360631086834145,-41.81331643193485,-0.6901806040863362,-0.9318025355222669,0.0023650550147299603,-0.04775523118073346,-6.464853790241436,-9.943503824889943,-0.2539758152722251,-2.9645543145970867,-6.268973522936471,-0.6961103536694906,1.195108580680621,-37.06162942650587,-5.047642043115249,-5.533046384041597,-0.25929694415429594,2.3127528814452556,-26.460250464162588,-0.625579796224624,-0.6562499241912363,-6.094145868597136,-0.8357296393721474,-3.4163398749082443,-9.879650351924196,-3.7261913101339443,-7.966293256421287,-9.978818724426116,0.8303354017098539
2388 HK,64.46815782287626,33.91290422751776,74.82072203415855,85.91966284932424,47.50376143158531,53.66916181524693,13.542151762415719,120.47262245152422,11.383234131899188,-8.048224743506927,124.43931904579972,55.818878505554586,60.0529785672498,33.428829398862895,-4.273894453070638,32.219363771427375,11.300225917202559,19.797853578265794,18.874377255507216,24.161481384437185,84.21430825437228,11.738787797941264,-28.849570148628107,38.75527663316546,71.93889112839574,-1.3233696114018318,17.84752167306578,125.1800910157453,-1.0859503047671126,12.967902702498849,42.27731916395495,12.69942966115926,22.146034987968648,-3.332407236612916,34.74966312461701,-30.388640218883218,4.827184741943312,18.639331803999017,37.68164367430786,-7.662814748694177,320.8238761172529,3.614099927637105,9.075278051883371,1.7846620971010558,1.8417136691080214,23.731150043201005,46.14603042979712,2.268127746705051,10.22483316107658,40.63550977507816,12.05914871171118,1.681842138704069,177.6033606043122,20.294185103076195,35.93636548681481,8.661417620287812,-5.052549348091474,159.6428443504566,14.219867969544131,10.265185059514852,34.83064890819219,20.792929539277967,21.773103743863892,76.13297072996721,20.05377563825004,46.143596038979965,98.20572065876996,31.879228000068323
330 HK,37.45010631863993,65.27519414897706,-124.30181405363477,117.14240761336208,37.525048666371625,-37.78054558762975,-11.121537004578478,187.92993388097776,75.10456107835631,-113.13778412624964,49.212046914112605,7.999507310890865,-54.59208987009871,109.03703432803384,164.8694371004231,70.95216449270893,37.015176195287424,-17.186409016122465,-61.74566758156075,65.1603132580992,-76.31871243672337,35.28609657446264,430.60739176520747,37.684278608279534,-134.87230393650853,-16.42641606161904,65.6370983437532,216.01222536338778,8.535683003604381,-22.008402320427347,-11.65907751673824,14.420777608360773,5.812887732112097,16.6404443746927,-30.388640218883218,667.8168310620453,83.81523317456416,35.19280177817727,139.1011655011886,141.4562755867489,134.2465243516966,-5.670060151102646,11.646402570185709,1.377542553635676,0.18280221036170044,46.72953591574285,-80.78246434266245,17.37718714958294,51.77083407919742,-25.157336823788896,40.63179255188925,81.65853834460131,-894.2502028562691,-19.3170686688858,-13.483347311354105,-19.161099691414194,106.60083849129822,-259.7841259212537,-41.71484682190746,-40.17555074686297,-34.61228531773956,-120.77814381158328,-29.518750209408193,-175.86149868701156,-42.05438871867659,-262.94949844937815,-27.48356194355121,-1.5498791116527604
1199 HK,21.202404663122433,15.960336711848342,5.993106108080653,35.47483969052163,16.53035857444488,12.655951373787772,2.48358789771305,51.60528583716863,12.317369837700868,-14.596568844179448,45.49735659319401,17.04934997946313,9.667283383967538,25.104357130077585,21.664643543976926,17.65502615388038,9.577367324406348,3.539492345864966,-1.391073322220827,11.851613220871569,15.24297660380748,7.051283239202874,64.97351757394088,20.763179555914448,2.2908749221033533,-4.161674555026709,13.693151901889665,47.15256320340108,1.4341359195842212,0.02598460804556173,7.818345540308672,3.583172130568027,6.6920456244742015,2.2261477980914934,4.827184741943312,83.81523317456416,17.203263839211207,14.784368215152636,29.88136859373348,19.20870690590376,88.96461238516244,-0.16575870137325108,4.224098848847358,0.8091456645935021,0.5398969592706657,1.0125751368716736,-6.865418299431406,1.757260505836698,6.196680244273364,5.543402832727333,9.450854092511491,10.68246006061955,-77.10601232370789,-2.71410387472072,5.433961679553338,2.9221674600306886,10.982031952422346,5.933237860772179,-5.090589774898092,0.7605956745358637,4.046929341003212,-3.3655287440673636,2.507328467501536,2.131879106835925,-2.3340867050498484,-17.529716355917238,19.054948864180645,5.771716758947381
551 HK,59.006415949528865,33.00787016937778,61.43496088799439,73.95293704742795,36.534783195901774,43.81942264535003,10.425279575796743,99.8276187796792,11.732773152536302,-25.436478154312226,110.10438763885642,55.45144151116399,45.58946787877432,34.80776835474235,2.072648849774574,30.644963510986226,12.784074554730362,16.60452700727539,11.309532311095102,23.815962511038723,61.976794914117036,13.058307776175509,7.005152652244894,29.767490379585762,54.821526588796075,-9.975816795381691,20.554896204819393,105.09058319753562,0.11072228683888703,6.81162111607204,34.381122941162,6.7612050255425995,19.763181916542475,-0.39897262354097135,18.639331803999017,35.19280177817727,14.784368215152636,32.4683107038254,43.62676407490856,1.455046413989638,269.9350157722161,1.6080638699599517,9.111121958313142,1.1887917530083414,0.9960453953579758,12.310871488298844,22.353618264441007,1.4463610017877415,4.875606788178016,31.975504482683498,14.46532124991393,5.173927773706248,77.2470703266177,7.146575879847943,27.543492645360367,5.358707032668209,-0.21050252724416532,119.18663233819932,6.255059591356014,4.453021553098445,28.43685786234148,-4.65408437794104,16.860447638902347,46.35427428963433,8.667717008234318,19.265634907485882,66.38469939723267,-0.8370614670992376
144 HK,126.39788635127921,78.1184976472694,92.68355689268138,159.25365879063534,77.02069139834903,73.21266184198115,19.461102726072088,233.55620087640395,36.639193425254504,-67.8967283325758,205.44887413906832,101.00370503793131,80.84998291156867,79.36702315676328,30.647308958916724,73.87901274174136,24.50656411797458,28.08333435464674,13.084725529326937,61.85280116092114,109.98720162895098,30.864372826636743,34.31374782695397,58.497315498549206,84.77146949473394,-13.745143064378851,47.67163532576356,278.63902639677275,-0.04754997892774628,12.81956566645619,66.74734249854664,24.173771323848,41.66124356046295,-1.7001028515440635,37.68164367430786,139.1011655011886,29.88136859373348,43.62676407490856,104.38533948864944,18.68194648220245,595.3106315920064,4.198251759520806,19.522180438799296,2.1570490930936095,2.335319054976405,64.83387483180455,64.41838765030757,8.525665665138014,40.531047524378145,63.744103904251865,33.283296952515805,25.13376734326489,49.4527160790099,35.30417555223304,58.49669335432872,5.327057670211085,21.437430236748984,202.07352230915728,1.8504402269898732,1.3546861888465955,54.26709364555025,-5.871111665064908,29.688965754166514,69.20793128952741,23.01869741751248,-6.07397447426758,134.91605549275008,27.60572525834481
2038 HK,-22.859297283836163,-3.2770495095479895,-49.74654693017406,-13.071152158272028,-0.561677833501341,-21.53602514950361,-6.2054486108522235,-4.304535383849825,14.090323994056526,0.9944866973461688,-20.84686479333407,-23.91962546665041,-30.30865282061674,23.06956027397635,42.6365680805135,5.6847431788955625,8.931830234544012,-10.219244883433548,-15.261887430714314,-3.6717944214856875,-41.8419763418184,1.068181662461042,130.4112990788061,11.028276509517005,-52.633511855267315,1.994595574539521,9.419306297539979,-4.743286798837104,3.338544785229286,-6.262425160060878,-17.43809795096546,-0.8064619397103159,-9.893725196982858,5.360631086834145,-7.662814748694177,141.4562755867489,19.20870690590376,1.455046413989638,18.68194648220245,41.59788742881814,-83.77064323310985,-2.774125931696544,-0.6332839687199775,0.5550174050924981,-0.5892178246571346,1.0940712442680551,-20.055866086778504,1.9648530933075687,-2.1761921635126504,-20.04857807190075,4.249889389956958,15.018298626650234,-151.10278652536718,-7.673453028852212,-16.11680342371629,-0.8635751061798317,14.454468238976377,-107.39119149645978,-1.9289513598917554,-1.966870557629091,-22.18468434093668,-8.72432601017545,-13.434255988703404,-46.038723174954754,-5.154505034679954,-43.31105237745987,-22.975962949656704,4.560860331414393
388 HK,879.9265960751928,501.5585914786763,906.3510032885623,1143.5652665411133,577.3410405567237,575.8726094484571,150.86581481892298,1581.269110921863,174.08668997266298,-380.38856310052046,1452.4681592580778,747.8221382452293,689.3887789931954,428.69617308155404,12.037300668823626,441.3008898508981,130.31357297687558,235.15258571907165,168.13761912907063,415.76545561550415,893.9419483074062,178.9870859732067,-483.21340542173937,282.54822092453486,840.6474380542973,-78.01356757993928,271.3646959339739,1946.1136809369748,-14.90872466907645,133.12285345969596,550.7813811537995,164.63592941961545,295.41105677452737,-41.81331643193485,320.8238761172529,134.2465243516966,88.96461238516244,269.9350157722161,595.3106315920064,-83.77064323310985,4847.223791888262,48.02659150598039,130.52069849434224,18.142325431817326,21.38658083596028,537.7760508203083,725.4156718943732,54.67713285694216,247.09575959722932,548.3808901898325,188.09287209150844,90.95754298506172,1944.2643855639242,331.7155964978029,487.8235093207962,22.50671045506943,34.54671001306994,1892.6157612296713,211.98551359828068,23.0408989082273,441.3656180643106,-24.11187832249979,241.65195511335705,683.9581661393655,247.72784770998788,328.95681884239445,1174.941068818516,230.67917662318808
939 HK,9.430648241403315,5.866764113380134,5.640639642210983,11.932525926437274,5.640531114250958,4.687688294354961,1.4181622528223772,18.20420905235704,1.2505727063809198,-0.6432310844190849,12.253951590168327,4.975351648589117,6.772502853831306,3.1409922813093596,0.3836832117146704,4.534826246527591,1.6939518023167524,1.9237591535681844,1.9144592541704932,5.982012847179763,10.398522495562048,2.3040651819459463,-8.334910429006419,2.049819821901306,6.421310296035095,-0.2967979883129589,1.6272296369311383,15.300726000131245,-0.3291236279501448,1.5592177837961267,4.405700055614343,2.0581532073745046,3.2902514401012155,-0.6901806040863362,3.614099927637105,-5.670060151102646,-0.16575870137325108,1.6080638699599517,4.198251759520806,-2.774125931696544,48.02659150598039,1.3146073122371547,1.029600767305522,0.39649804984584175,0.6124392238360501,7.0573465012892385,10.441387719419073,1.2544481797530411,7.389505951875953,4.734598225934095,1.2156409653796278,0.8310475198900563,18.760668716019822,3.9659298319525287,4.546529548826316,1.485771166037157,1.6537012344569915,18.70135743026582,-0.21679959622634498,0.4851715621646963,4.782969041939008,-2.5334854915792517,2.6662551184829226,5.0759367539689775,3.226968237409489,4.75194637967414,9.855436296270526,6.360375080191191
386 HK,29.42958455699865,16.401684540434406,25.93789518186827,32.46595446636394,16.048205484890605,18.509284808907722,5.226584608291174,47.868743938987684,6.060918848348033,-13.633863747430349,46.3326719442157,24.37674868160033,20.86557965134726,15.033849920954397,1.1024411927664093,15.034219764422014,4.0790014951608145,7.341973385868506,4.93407045589404,12.365595189010516,28.635186042861505,6.115498190625398,-5.691102049707249,13.182145834563741,24.933478172433055,-3.043394820134219,9.1675863972374,58.97321094235536,-0.30987248014482344,3.755788096911584,15.696702210658087,5.259261160450822,9.864316760025016,-0.9318025355222669,9.075278051883371,11.646402570185709,4.224098848847358,9.111121958313142,19.522180438799296,-0.6332839687199775,130.52069849434224,1.029600767305522,4.475930866928151,0.26985400857633446,0.36232835798298374,12.134993992277874,14.998658230855888,1.222812556204573,8.065105910071031,15.817990449488612,6.8601730251428,3.097276107171942,34.87414363719114,9.038548725359663,14.112788905702706,1.5351253107759002,1.3382689677530166,56.462811499230874,0.49742724198399335,1.863875406493587,14.593132876218377,7.463517391885169,8.344422140934109,23.861713012421557,6.431599421555584,6.574550284511292,30.217294439384617,5.440339909716374
3988 HK,1.625159448280379,1.486187093588397,1.1754939134942013,5.294784377694275,3.156265839943247,1.6168420911831847,0.21491207179564203,7.265017965466591,0.8926227636201518,1.5472953431213992,5.464383582802517,0.4112763494221453,2.2036133693173126,2.080431464556182,1.5648468737244694,1.334129736707554,1.3483263992802506,0.5354294255275955,0.19863511279919305,2.0127388719878194,3.309741032777325,0.5871190626954318,2.8398957156228053,1.20773210925438,1.0991453760351535,0.08491118595199866,0.8269889494211071,3.139001302100057,0.06410799519958577,0.6488402022140395,1.4336931430847248,0.2709908822146295,0.5177269434861879,0.0023650550147299603,1.7846620971010558,1.377542553635676,0.8091456645935021,1.1887917530083414,2.1570490930936095,0.5550174050924981,18.142325431817326,0.39649804984584175,0.26985400857633446,0.3302139896176532,0.3432792638156289,2.4732902893119917,3.584752841224466,0.5163204784238561,1.1632548308934159,1.2491676601255424,0.3974398715767815,0.6348434648798379,8.543849843962855,0.8352584098272898,1.2865768282915044,0.504322738893057,0.5652801682345036,4.10411360719095,2.216246890617755,0.3383587177622617,0.5986459310424085,-0.9102101545634821,0.3400329961537531,1.5355703060770345,1.2272679512246871,1.6467781164807476,5.047037596158102,4.798920521990322
1398 HK,3.825047010973892,2.8556209853516257,0.32092834797199365,5.9297560874193005,3.1374515621183017,2.1070429208563204,0.41319038886769277,10.687442701636051,1.0472008337368328,0.7863997510970709,6.579068980674099,0.7386999992646022,2.72147215742917,1.790035695514762,1.3654067766841653,2.2929409570509653,1.1613031485778693,0.7056155387782983,0.348231721573178,3.4545581478803897,5.161160115112064,1.262626734815098,1.1371960502028133,1.3937733679844029,0.9688263992393628,-0.12095736187679619,0.9027272711045268,4.22234302384577,-0.039981755849001564,0.6536935480459005,1.7703111204573339,0.6783820588740781,1.5216839694986521,-0.04775523118073346,1.8417136691080214,0.18280221036170044,0.5398969592706657,0.9960453953579758,2.335319054976405,-0.5892178246571346,21.38658083596028,0.6124392238360501,0.36232835798298374,0.3432792638156289,0.5433058722527906,3.195759442186135,4.456549773741489,0.6611313881952726,3.5679706037691994,1.3729713513558883,0.7145165894828401,0.8093963195916533,4.375890571684184,1.027750432457058,1.598534650765159,1.1193420830767056,1.3953677361822951,5.868983160854187,0.16517299736742785,0.24839129934709578,1.7385371580766296,-2.516117527166097,1.0780987886471676,0.6880717168988765,1.1028853541577155,1.0791244903512511,3.9441127958194486,5.566178726761573
2628 HK,93.24625737910114,63.28132173460692,48.541031690604896,99.44047225353121,55.95437199769688,32.555206206912146,11.316197666417414,174.2897028128466,24.892726321914644,-44.659371148490344,111.70332072053262,51.283239241455604,53.10316664591066,42.8739227697878,14.744561348292331,52.6711729361344,12.408426397030192,15.71069698544314,5.536921153529213,63.2973514527381,64.65389357195012,25.80282903617844,-76.81533405183644,7.8633928743819395,51.196495794914476,-4.361086510818025,29.063388120084046,236.9249944832807,-2.5576161339492614,11.94949448830062,51.23534258969822,21.496769100378298,29.07789178825696,-6.464853790241436,23.731150043201005,46.72953591574285,1.0125751368716736,12.310871488298844,64.83387483180455,1.0940712442680551,537.7760508203083,7.0573465012892385,12.134993992277874,2.4732902893119917,3.195759442186135,107.11784272956125,105.32197490571275,12.358049926954749,57.15830108694536,54.66482258582264,18.34785523875704,18.009677693126505,126.32198536302326,52.21265335913529,53.17275039575152,-1.0128606513508063,21.136595819837424,163.48620058758496,13.048966457760322,-6.8417359865154115,44.78837272010036,-46.14420476672617,20.461952935269824,21.084868330697454,32.229003474048824,-4.6169037073585875,103.749395762502,42.44190258185677
2318 HK,114.20104723076926,67.071697778239,114.09602087645756,145.5345966609961,78.50909924022105,67.42259404942475,18.925024182986444,206.24747734433953,16.545024620245425,-19.661873313679894,164.78087063633083,77.02574418290685,92.76527307781753,45.10615049198666,-5.230789405304386,55.485989931444806,17.081660890813925,28.189563073618988,28.29305064591021,63.99121720731417,118.95426021410815,23.727780277043678,-153.27029476012035,19.47085587405812,110.9126354620485,-2.753687585242997,26.191655549353698,261.30048697747424,-4.056267754851399,22.79506550853437,73.45632904308479,26.44779206718211,38.151938167246,-9.943503824889943,46.14603042979712,-80.78246434266245,-6.865418299431406,22.353618264441007,64.41838765030757,-20.055866086778504,725.4156718943732,10.441387719419073,14.998658230855888,3.584752841224466,4.456549773741489,105.32197490571275,153.70241996493635,11.718668469730568,58.2369207391784,78.92351352419352,16.985574212182538,9.174189096636134,368.3452620797047,60.19786851583182,71.48659051028251,6.800227483089752,8.018374013969076,280.08551978466784,27.91758017920436,3.7815022935446785,62.802804854329516,-18.39920604747809,33.436897358178015,88.14200658355168,50.31341174565617,59.98032987408976,171.9005555359693,45.561582852926925
3328 HK,9.072673106169878,7.828054531853826,-1.5961181758277112,14.695869985601545,6.94187925995834,0.760376501367182,0.5158915992613704,24.01949365924017,4.079901868735493,-3.9314313007605803,9.215124107620813,2.9948923269747807,3.0029996582496628,6.956256406279276,6.999763182868636,6.484395640747403,2.841743531451727,0.6067360258775009,-1.0236092501945293,8.729553007167052,4.129377540985398,3.349462465134194,4.546430814920264,0.6066073111296738,-0.8838375665395651,-0.34599063298847993,3.7640868641130445,24.647618163065758,-0.07670147825076312,0.6764127965660274,3.454252880643805,2.853530674511073,2.615256599614343,-0.2539758152722251,2.268127746705051,17.37718714958294,1.757260505836698,1.4463610017877415,8.525665665138014,1.9648530933075687,54.67713285694216,1.2544481797530411,1.222812556204573,0.5163204784238561,0.6611313881952726,12.358049926954749,11.718668469730568,2.5270953469266244,11.21214926996246,3.610366656051186,2.1213453464606626,3.905192200445802,-2.320693721174382,4.988215258259355,4.094002922628066,0.6003316978470907,4.942578906227945,6.066329797711759,0.27542771611489003,-1.1604006460915197,2.7000893386432065,-8.210349643451837,0.7350053280504465,-5.2443453976521734,3.1899160128932413,-3.0853491472606405,8.206413023384476,8.1105118332441
1088 HK,82.27062336247329,56.09509398782163,-16.191870360352603,38.77668401610014,23.39570519824338,14.022008608102409,8.394138475035708,136.70265321258879,19.64768987245141,-29.14854710844101,61.071749210979846,24.576469233461054,19.11290977273998,30.913026848256006,26.899353023095646,49.741180486134624,10.307129459023939,5.0302806951591235,4.082075011577177,54.38879853160365,45.02446694136543,26.397190025642047,-15.267485899133149,21.97196360374719,-1.2824729957558343,-4.866515917679882,18.872470707195912,120.4889645577526,-1.6196149003847575,2.5265898531152455,15.34659970256261,20.70438388552811,27.669487223387303,-2.9645543145970867,10.22483316107658,51.77083407919742,6.196680244273364,4.875606788178016,40.531047524378145,-2.1761921635126504,247.09575959722932,7.389505951875953,8.065105910071031,1.1632548308934159,3.5679706037691994,57.15830108694536,58.2369207391784,11.21214926996246,92.0534001341758,16.878598190759732,15.598063375602042,19.600822091849246,-90.02069691726827,26.078660483308344,20.724955374096304,17.261534267736895,33.868024608412306,66.26616992787339,-56.00564570509542,-0.29978687577745106,36.0710353948464,-51.29765338062167,19.119007803258434,-20.32730520861711,14.907351607178436,-19.338213929099666,5.622706246298835,16.142209637107285
688 HK,108.5847644241102,57.71750103727785,127.0526011976789,128.91440078283455,66.76693025765223,76.98016491477009,20.962681943696737,172.03170465773124,16.847763537405836,-46.16267956909627,178.7303949393729,96.94093423176909,94.42885418276514,46.411956142539715,-16.117140309021906,49.36891103743664,11.204908488580125,32.30089821550889,24.579005896510964,45.984141382412226,122.62785359519572,18.508246414962187,-85.23257277198591,38.58629512104943,120.51141381983761,-10.12742307469301,29.869038116827184,228.27557022057954,-2.4840356810983133,17.866760023050027,70.33193739322174,17.726854544698266,36.57654649626861,-6.268973522936471,40.63550977507816,-25.157336823788896,5.543402832727333,31.975504482683498,63.744103904251865,-20.04857807190075,548.3808901898325,4.734598225934095,15.817990449488612,1.2491676601255424,1.3729713513558883,54.66482258582264,78.92351352419352,3.610366656051186,16.878598190759732,73.79837530624737,21.033743833231995,3.6790745393364257,286.3558581282069,42.00764774570686,65.20439984673607,1.2664607657899476,-9.783990089140753,263.04699606672233,32.71646068501807,7.9626890849485985,59.46941539553787,31.817886918554752,34.44023648770325,111.92106623534363,31.69561268540425,59.647111005024115,140.4347509573833,8.235987587688113
857 HK,46.93829181850507,27.62028392680201,30.472467978721962,46.14233311128216,23.199143545107624,26.308882368303937,7.414300958270204,77.4358280930558,11.715894102375447,-25.324876775238586,71.19694280895973,35.990516293327815,27.786874840670208,25.50545644196318,7.035423497873154,25.959217212733403,7.134994059360777,9.879049128190765,5.518283189957275,20.826470707546285,39.62303004174599,11.274612498282872,7.43223012741459,22.95742907164127,29.714245021599247,-5.325261020994718,15.80682201704317,90.98147461975444,-0.12758616009802268,4.178903705411098,21.866288828832293,8.338100611176799,15.717561739015185,-0.6961103536694906,12.05914871171118,40.63179255188925,9.450854092511491,14.46532124991393,33.283296952515805,4.249889389956958,188.09287209150844,1.2156409653796278,6.8601730251428,0.3974398715767815,0.7145165894828401,18.34785523875704,16.985574212182538,2.1213453464606626,15.598063375602042,21.033743833231995,12.157304986364313,7.494970846465064,-1.0327693608116808,11.0601347968174,19.33393148257467,3.959746961179971,6.775335620487386,72.69880187876382,-8.69083176804045,1.4111287647627608,21.30948959931968,-1.4443382000024825,12.159512392387818,24.57300603991644,6.378295833571041,-3.2575634839552654,38.31843527732558,10.348680948034099
2600 HK,17.892080197234872,16.537002367807517,-8.40087956531364,28.48698608248962,13.666636606510897,1.3264463330285743,0.504181384697878,50.637370397791614,12.691916277781257,-15.604227041242869,22.44359000992574,7.1297366508773194,1.1458808154387323,19.10014795613402,24.630526688013404,16.37296370605467,6.26568216549236,0.06315952708101534,-5.247087841953984,17.140625363370248,1.8208941248507,7.623993330491073,44.11651973258273,8.497055065975152,-9.501862939647445,-1.4154098819107008,11.426387702161021,56.928978814597,0.7377480485628961,-0.5581942712156059,4.96911523509596,6.0588348883786125,5.074646029900777,1.195108580680621,1.681842138704069,81.65853834460131,10.68246006061955,5.173927773706248,25.13376734326489,15.018298626650234,90.95754298506172,0.8310475198900563,3.097276107171942,0.6348434648798379,0.8093963195916533,18.009677693126505,9.174189096636134,3.905192200445802,19.600822091849246,3.6790745393364257,7.494970846465064,13.498453761056162,-79.77774064139406,4.502273707514939,4.940013995389098,-0.29180839725304436,17.18067970309801,-10.337574213822537,-6.666759365546056,-4.301028754987323,1.7616158094501604,-19.739060662854705,-0.46600007034419844,-17.63722839724005,0.5506519640671507,-27.33752231054783,12.471705527168524,3.232574737875644
700 HK,180.03007050004072,38.7296363798505,648.3100549518945,460.5478517120531,248.46537284952515,287.1525344988047,68.13125531943544,317.87743200246655,-42.93731109034351,109.9205899207577,505.73185636309785,261.82239985606435,383.46028378411876,43.69241541622818,-203.55248892075454,13.725756881542978,12.722688422747996,127.8184505832487,148.05600330598816,36.19135639547698,456.9789419743222,-21.467229698173576,-721.232231789487,31.155777179135917,592.116977395207,8.306766338876768,14.692488073081897,517.0377866425083,-15.216992989072136,110.09594125889042,260.99307353938894,31.37944668158893,66.02506988528621,-37.06162942650587,177.6033606043122,-894.2502028562691,-77.10601232370789,77.2470703266177,49.4527160790099,-151.10278652536718,1944.2643855639242,18.760668716019822,34.87414363719114,8.543849843962855,4.375890571684184,126.32198536302326,368.3452620797047,-2.320693721174382,-90.02069691726827,286.3558581282069,-1.0327693608116808,-79.77774064139406,2267.7982990131704,150.9845487731969,229.52565153641788,-22.21176927894639,-145.9398270210559,1136.5038433198954,365.91359234755924,64.13126845089218,172.91813303245232,345.45046293918034,104.26413558681473,699.9012648640191,173.74750268014208,511.89030932466534,702.4930190274318,17.73181094447821
836 HK,61.68621077255493,34.91854165296828,57.55602781521164,70.93079494873342,36.88592194920693,33.27787538743557,11.595826234287852,99.97738333803916,11.608958743898954,-20.37111708990991,82.6562613194848,42.52341035708634,49.503170483579545,24.925463808598955,-3.6712798669373714,28.491346406998275,4.337482687417417,15.855945506316875,11.573975306576378,30.03544123889811,63.39477022814571,10.578028819740215,-65.45995245452669,17.26331846931777,60.656839000703094,-1.5791257793310614,16.280600064668374,153.25713148691833,-2.0824648179687673,12.172550442787891,36.61000481110175,13.98325863761674,19.77266625168238,-5.047642043115249,20.294185103076195,-19.3170686688858,-2.71410387472072,7.146575879847943,35.30417555223304,-7.673453028852212,331.7155964978029,3.9659298319525287,9.038548725359663,0.8352584098272898,1.027750432457058,52.21265335913529,60.19786851583182,4.988215258259355,26.078660483308344,42.00764774570686,11.0601347968174,4.502273707514939,150.9845487731969,38.66002169163774,38.63648622333075,-0.3205648126356808,2.6732973083563825,140.483629409213,18.193312272763116,4.106246017769382,33.87567382135874,28.795071529218685,18.243347255068663,62.468034947451784,24.558961141571576,26.58165334238587,77.16753707864889,24.479283951283445
1109 HK,98.74738217598717,54.1319235979363,107.03131060350448,112.47446607601931,59.7059721346849,66.80376643656615,18.554300208694443,158.82783171797712,17.046952427017228,-43.22528562860009,158.7872482684913,83.90078149848209,83.23185763821935,42.447053131645696,-12.23802615440951,46.19651503924813,10.1676584857741,28.172741775595174,20.410185341140817,44.402742099113404,109.50272881916568,17.837763113293146,-71.81558375757531,34.92250317343386,102.55983802472623,-9.096782533168174,27.560742210534283,205.98978020673368,-2.1825361594251507,15.322585081809413,62.11655093072578,16.093749024751936,33.13070958602928,-5.533046384041597,35.93636548681481,-13.483347311354105,5.433961679553338,27.543492645360367,58.49669335432872,-16.11680342371629,487.8235093207962,4.546529548826316,14.112788905702706,1.2865768282915044,1.598534650765159,53.17275039575152,71.48659051028251,4.094002922628066,20.724955374096304,65.20439984673607,19.33393148257467,4.940013995389098,229.52565153641788,38.63648622333075,58.92104310910206,2.0050450246326283,-5.350450567287736,230.58098269343782,24.91697501273393,6.698290726066427,53.263918085630436,21.755898031181903,30.89977397397196,93.53257117372843,27.731476847538033,46.809001151796565,120.88948305506143,12.188712762217342
1880 HK,24.24624853730948,12.972099555825846,0.34519212023117507,-4.719226024122009,3.2710262267314456,14.591200514318388,4.208192123349204,30.33368233522085,2.219373753871302,4.397059404004865,33.02059495171317,9.348473699821469,10.132740297138938,7.455512438705406,-0.45793320854559805,15.063773941156098,4.879711412773739,3.2289680556142315,8.476263133687409,5.824328889299626,25.659824896975163,6.979437365669697,1.058859346333962,22.129076864355046,6.27919743466315,-0.9606178885602723,3.1218189153647384,-1.58748203658544,0.016090958137250148,1.118459712313093,3.063340468601542,3.7297036218059967,9.32397191056098,-0.25929694415429594,8.661417620287812,-19.161099691414194,2.9221674600306886,5.358707032668209,5.327057670211085,-0.8635751061798317,22.50671045506943,1.485771166037157,1.5351253107759002,0.504322738893057,1.1193420830767056,-1.0128606513508063,6.800227483089752,0.6003316978470907,17.261534267736895,1.2664607657899476,3.959746961179971,-0.29180839725304436,-22.21176927894639,-0.3205648126356808,2.0050450246326283,11.678943912377836,3.7927480695944595,32.14737513297045,-22.1620497969268,4.840425301027548,13.09853750794462,-13.891756642685182,10.095824938361002,5.20709614077193,1.9315875301142418,5.820197109922818,-1.7825866399765258,11.61063933916849
1898 HK,12.52786770460823,17.652986352170455,-42.67239667168806,15.016880653743552,5.0774788279989,-13.700209835606024,-2.7663617580423057,50.73653405161687,14.295825904424877,-13.521779289219227,-2.9663440941237353,-9.989016630098591,-16.746798045727658,15.459656644622754,36.083162279390784,17.207760608478257,6.431521460474834,-6.019573926448828,-10.68854323137639,20.248760539981376,-15.936876512641645,10.102524380894703,61.21937203503159,2.7652438323337294,-38.93283563838094,-0.9052834128384436,10.230112674573286,37.69228938791072,0.9463659905162182,-4.2977533426383525,-6.374967279393419,6.2468421746067415,3.8666118456750858,2.3127528814452556,-5.052549348091474,106.60083849129822,10.982031952422346,-0.21050252724416532,21.437430236748984,14.454468238976377,34.54671001306994,1.6537012344569915,1.3382689677530166,0.5652801682345036,1.3953677361822951,21.136595819837424,8.018374013969076,4.942578906227945,33.868024608412306,-9.783990089140753,6.775335620487386,17.18067970309801,-145.9398270210559,2.6732973083563825,-5.350450567287736,3.7927480695944595,22.35817651477359,-58.33659543926247,-20.65437721170698,-4.671751957849812,-4.263431356795243,-34.65771682806216,-4.402728896085448,-54.547978468372236,-3.0217059922708103,-35.205766110307245,-16.37008744083228,4.9525108989708455
1044 HK,422.6095590191314,210.76223248091154,477.99122987463954,399.9629109008619,220.37194478686067,305.16506786784174,84.55112891536979,595.0279984339331,41.46834742011514,-142.5684184172888,680.4339875369959,363.66680945304944,355.43070030256365,150.87468685660735,-105.79750559320439,185.14032438869185,39.58163992871066,123.33164755570823,109.72656065797756,156.68379683473376,488.64815037027086,73.97426509015445,-400.340679485736,158.6501029688905,465.31058384863184,-38.60698776331784,94.25541308101374,734.0647334800638,-10.747805239797728,68.8967216331274,254.32496448742842,61.806572269657764,144.9373023131401,-26.460250464162588,159.6428443504566,-259.7841259212537,5.933237860772179,119.18663233819932,202.07352230915728,-107.39119149645978,1892.6157612296713,18.70135743026582,56.462811499230874,4.10411360719095,5.868983160854187,163.48620058758496,280.08551978466784,6.066329797711759,66.26616992787339,263.04699606672233,72.69880187876382,-10.337574213822537,1136.5038433198954,140.483629409213,230.58098269343782,32.14737513297045,-58.33659543926247,1065.8980462567908,56.30968234708119,49.23053753310376,247.68760678316477,118.25835018873309,146.725740501705,465.2243153298063,122.43530805738357,264.85580491574297,478.5275797220246,68.98349789064905
1299 HK,-49.119843386217156,-30.044606311219827,78.3646114456665,100.71678123422807,46.17684809389285,6.743993679713591,-1.8713507861772325,0.2508435285105361,-4.189929050017638,30.93825148985048,9.856695906628957,0.2744447247904955,34.69844396039387,2.5979352444193484,-8.22050445691442,-34.2871577087629,0.2267630253882026,11.733532224262888,-1.148991756294921,-10.022352432540337,12.593132536559443,-25.571639828912215,-11.300094174472038,-23.41120717588485,59.84618677013143,6.424621328535909,-0.756196532188619,59.96102197674702,0.11908425224269253,16.089529072239877,26.09416007457107,-7.44695179474931,-19.60265753193585,-0.625579796224624,14.219867969544131,-41.71484682190746,-5.090589774898092,6.255059591356014,1.8504402269898732,-1.9289513598917554,211.98551359828068,-0.21679959622634498,0.49742724198399335,2.216246890617755,0.16517299736742785,13.048966457760322,27.91758017920436,0.27542771611489003,-56.00564570509542,32.71646068501807,-8.69083176804045,-6.666759365546056,365.91359234755924,18.193312272763116,24.91697501273393,-22.1620497969268,-20.65437721170698,56.30968234708119,76.20293324179875,2.1781249079732543,-18.68274198384577,52.0098288565716,-14.428711589583447,87.97865730559744,20.640516619110056,63.735327149701035,115.25515456243502,25.122479658322767
151 HK,11.01184083994063,2.118316275025951,20.28444736979114,5.500562989254467,7.614757307882904,17.01881332168625,5.028905435869823,10.383714594251991,-0.6862317984986226,13.464055577939531,30.3274911062411,7.721270997001613,18.386764754576838,5.649352933566675,-7.7280526279129464,3.9001225503154076,2.225536939033575,6.183450094745259,8.633732547580411,-1.7095338483224956,31.408464220454302,-0.7692890138837376,-3.4978527195873155,20.244291136068362,22.96795668317378,0.653436177764418,0.9954343147028791,0.7407219488441434,-0.01777952661681298,5.167154287738788,5.916151475241422,0.6505631865054922,4.284998019622015,-0.6562499241912363,10.265185059514852,-40.17555074686297,0.7605956745358637,4.453021553098445,1.3546861888465955,-1.966870557629091,23.0408989082273,0.4851715621646963,1.863875406493587,0.3383587177622617,0.24839129934709578,-6.8417359865154115,3.7815022935446785,-1.1604006460915197,-0.29978687577745106,7.9626890849485985,1.4111287647627608,-4.301028754987323,64.13126845089218,4.106246017769382,6.698290726066427,4.840425301027548,-4.671751957849812,49.23053753310376,2.1781249079732543,7.6432716093571,10.076507339835828,25.864020525632792,8.589640130596031,47.75722622717867,7.067781981771503,23.35265052749308,14.482148483016594,8.648564832114591
322 HK,116.61723401306651,60.873393657725046,97.35619808076535,84.85158681525432,48.39621250758913,72.09973576754899,21.06731508672724,157.36985543151434,13.843257215351494,-45.465585779515344,167.53738683651758,89.05949401804239,80.61019006451389,40.51168250139577,-19.8193229335498,54.85441153646861,10.34654910946164,28.054898950058146,23.98243113165508,45.832033052009905,117.14188961406006,24.29140895692536,-85.06495352826484,44.383328448676615,100.0553411627242,-11.315170877024913,25.8050583761084,182.0371200084754,-2.5864313888477892,14.20846440050229,58.06740286367914,17.75039403498897,39.90404043687368,-6.094145868597136,34.83064890819219,-34.61228531773956,4.046929341003212,28.43685786234148,54.26709364555025,-22.18468434093668,441.3656180643106,4.782969041939008,14.593132876218377,0.5986459310424085,1.7385371580766296,44.78837272010036,62.802804854329516,2.7000893386432065,36.0710353948464,59.46941539553787,21.30948959931968,1.7616158094501604,172.91813303245232,33.87567382135874,53.263918085630436,13.09853750794462,-4.263431356795243,247.68760678316477,-18.68274198384577,10.076507339835828,66.09957518219524,9.895926286727565,38.610485449811996,97.46814195734666,26.800992700885832,39.08248763688717,95.0287710399897,21.610253656884833
1928 HK,-16.642360216309918,-32.100182274379925,89.52045053997968,71.36799421109842,13.455301207001073,42.31050390082226,14.700892069591443,-44.90564554760207,-8.638390570538446,54.029173907934464,37.761297620504585,13.009069348115265,61.34913886857112,11.3147371344066,-28.706578580468207,-30.324672929834335,-8.030905455508481,20.03426699351046,12.368300311148529,-32.88772046136987,86.24294691075296,-30.350232130338707,30.79979163795429,49.52251042686293,92.88380158617326,7.780623303355291,-5.191836614443293,25.930350958497836,-0.30110195408004503,24.03375773404695,10.557174193655268,-0.16494899446796726,-3.287729843079932,-0.8357296393721474,20.792929539277967,-120.77814381158328,-3.3655287440673636,-4.65408437794104,-5.871111665064908,-8.72432601017545,-24.11187832249979,-2.5334854915792517,7.463517391885169,-0.9102101545634821,-2.516117527166097,-46.14420476672617,-18.39920604747809,-8.210349643451837,-51.29765338062167,31.817886918554752,-1.4443382000024825,-19.739060662854705,345.45046293918034,28.795071529218685,21.755898031181903,-13.891756642685182,-34.65771682806216,118.25835018873309,52.0098288565716,25.864020525632792,9.895926286727565,213.50400744208002,11.988792782870627,283.8134042711437,31.912845003145886,90.51707651247892,61.234854437465565,13.400172032725573
135 HK,67.43821854963717,34.57894875863921,58.04933893968409,46.133472661729115,27.46361872316445,44.75600660452956,12.832285800154803,87.61869737599234,7.527978077939524,-22.80891457676373,99.79547548751567,51.14253620319833,48.96840682223171,22.965893057128067,-13.900138760673714,31.469481735072737,5.699845928540088,16.90428787163471,15.490009977673337,24.734339027092815,72.88245574473336,13.587311468635887,-47.306109471341,29.94425313549629,59.96092806505785,-6.352571130483115,14.334822983420596,96.47596730143589,-1.4376379840183502,8.471303182718493,33.59424061582823,9.361638242218916,23.605837903306682,-3.4163398749082443,21.773103743863892,-29.518750209408193,2.507328467501536,16.860447638902347,29.688965754166514,-13.434255988703404,241.65195511335705,2.6662551184829226,8.344422140934109,0.3400329961537531,1.0780987886471676,20.461952935269824,33.436897358178015,0.7350053280504465,19.119007803258434,34.44023648770325,12.159512392387818,-0.46600007034419844,104.26413558681473,18.243347255068663,30.89977397397196,10.095824938361002,-4.402728896085448,146.725740501705,-14.428711589583447,8.589640130596031,38.610485449811996,11.988792782870627,24.40302966429896,62.34295161786626,14.779197370018048,28.0896489843932,54.15046502591255,4.679698182960456
27 HK,143.32326217542322,57.7923576844034,230.30166887107032,184.23109697013578,92.11403814779203,141.45552275445456,38.901637961686994,195.70149678154132,7.890981263535939,-11.556431580145514,283.95333282498933,141.46600764292359,165.95441536820874,62.1885884750824,-56.307296266691566,53.16612659959362,14.012802956146002,57.18846886129099,50.52463085549185,36.83330269849311,232.6276547372186,11.812678272086268,-128.14109794931318,87.83288259438245,225.33965768278821,-9.527115969287383,30.627312741215416,259.83084771767875,-3.7631336497775485,39.26502775034842,100.80343784251245,20.28675273664783,51.53789687949622,-9.879650351924196,76.13297072996721,-175.86149868701156,2.131879106835925,46.35427428963433,69.20793128952741,-46.038723174954754,683.9581661393655,5.0759367539689775,23.861713012421557,1.5355703060770345,0.6880717168988765,21.084868330697454,88.14200658355168,-5.2443453976521734,-20.32730520861711,111.92106623534363,24.57300603991644,-17.63722839724005,699.9012648640191,62.468034947451784,93.53257117372843,5.20709614077193,-54.547978468372236,465.2243153298063,87.97865730559744,47.75722622717867,97.46814195734666,283.8134042711437,62.34295161786626,330.56776234605445,67.8196082052043,183.1309671442248,218.2936987364371,27.547594046303793
2319 HK,41.880288664143045,21.475818048883536,51.26672053623052,54.29627454205224,30.320808075726443,29.88660416849619,9.15918853526041,68.72359429656957,4.9339653972815585,0.4278515972121744,68.14602079824331,30.900380983718648,40.396189205949895,20.88084117735725,-5.507183824998728,20.036548019169476,6.462704404643138,12.882051635923732,12.12507216059773,19.64249305956807,54.321747391487634,6.525976042553022,-48.05826687070145,17.516639649744924,51.32945597884555,-0.29246284352594765,9.477400927536674,94.00379562172006,-1.379825319372374,11.474140881257938,27.6408714543746,9.967919012659,13.704088515911128,-3.7261913101339443,20.05377563825004,-42.05438871867659,-2.3340867050498484,8.667717008234318,23.01869741751248,-5.154505034679954,247.72784770998788,3.226968237409489,6.431599421555584,1.2272679512246871,1.1028853541577155,32.229003474048824,50.31341174565617,3.1899160128932413,14.907351607178436,31.69561268540425,6.378295833571041,0.5506519640671507,173.74750268014208,24.558961141571576,27.731476847538033,1.9315875301142418,-3.0217059922708103,122.43530805738357,20.640516619110056,7.067781981771503,26.800992700885832,31.912845003145886,14.779197370018048,67.8196082052043,24.77490626680649,33.363442357312756,66.40315636074523,23.631032058644017
823 HK,35.349687569117584,-0.41212988115302857,157.70530944249103,94.86515001692258,51.71210202094323,76.02603693431392,18.733538614829644,54.23424059856107,-16.51726656334742,45.6046804899437,122.26288625023406,61.41440321881544,97.49516577703112,1.6288556478989378,-58.81982838828313,-6.13496802958635,1.2406824015642357,32.73291105795315,44.6629302523289,-8.197792126498415,127.16982859740351,-11.38167821935126,-155.40567512698684,29.14258775971738,150.6374507621046,3.292155734128558,-2.8646302583385803,66.97013618751406,-3.3122034255784905,26.76719657279021,52.9775586380366,3.7049964097268386,14.322246207527227,-7.966293256421287,46.143596038979965,-262.94949844937815,-17.529716355917238,19.265634907485882,-6.07397447426758,-43.31105237745987,328.95681884239445,4.75194637967414,6.574550284511292,1.6467781164807476,1.0791244903512511,-4.6169037073585875,59.98032987408976,-3.0853491472606405,-19.338213929099666,59.647111005024115,-3.2575634839552654,-27.33752231054783,511.89030932466534,26.58165334238587,46.809001151796565,5.820197109922818,-35.205766110307245,264.85580491574297,63.735327149701035,23.35265052749308,39.08248763688717,90.51707651247892,28.0896489843932,183.1309671442248,33.363442357312756,136.9686521760865,143.8620372232706,3.25162769694751
1 HK,183.56807455590433,98.91659499936145,266.6433149562102,322.7508353547015,161.01589763681366,156.61432602917114,37.01128217881762,376.7243192126248,37.83243393990293,-52.01320247503203,369.2772975770063,184.70138731675272,184.06109341317523,104.59758521463002,-1.236905049731506,90.73197325476566,32.284617896467296,62.54115046437683,50.596369503239046,76.909498556179,230.55415580641312,29.64692507265112,-109.92957263778922,77.09805781280437,236.3063478228318,-8.977649571988735,62.737415457486634,464.3445934070259,-3.2259967430673298,39.27965164689404,144.92869585190485,37.8327825153052,62.59209876255153,-9.978818724426116,98.20572065876996,-27.48356194355121,19.054948864180645,66.38469939723267,134.91605549275008,-22.975962949656704,1174.941068818516,9.855436296270526,30.217294439384617,5.047037596158102,3.9441127958194486,103.749395762502,171.9005555359693,8.206413023384476,5.622706246298835,140.4347509573833,38.31843527732558,12.471705527168524,702.4930190274318,77.16753707864889,120.88948305506143,-1.7825866399765258,-16.37008744083228,478.5275797220246,115.25515456243502,14.482148483016594,95.0287710399897,61.234854437465565,54.15046502591255,218.2936987364371,66.40315636074523,143.8620372232706,359.90228013682264,51.477487074099365
1113 HK,42.618374405728105,24.536084992197644,-30.848626079573943,70.29083880766866,31.201982447565697,8.370013947330825,3.310113088593842,111.8640085219487,9.432622234840803,9.74184575298704,67.53224262710641,-0.7520639627439174,29.301389045914156,25.91600900347066,8.950905835316256,31.122676077093754,19.099026172661127,5.934333254505163,6.946861297681203,22.949619065278664,37.64235957041791,5.022175843634328,55.9042670264148,40.68580451791572,-1.2522164134104337,-0.6370850515497029,6.161254946570222,49.12942008376989,0.2642203447179096,9.482041669039928,-1.8529796588115575,9.002896774949875,8.107606895475234,0.8303354017098539,31.879228000068323,-1.5498791116527604,5.771716758947381,-0.8370614670992376,27.60572525834481,4.560860331414393,230.67917662318808,6.360375080191191,5.440339909716374,4.798920521990322,5.566178726761573,42.44190258185677,45.561582852926925,8.1105118332441,16.142209637107285,8.235987587688113,10.348680948034099,3.232574737875644,17.73181094447821,24.479283951283445,12.188712762217342,11.61063933916849,4.9525108989708455,68.98349789064905,25.122479658322767,8.648564832114591,21.610253656884833,13.400172032725573,4.679698182960456,27.547594046303793,23.631032058644017,3.25162769694751,51.477487074099365,69.11915639034618
